{"1":0.156823,"2":0.160583,"3":0.199589,"4":0.215722,"5":0.306295,"6":0.304059,"7":0.164447,"8":0.364896,"9":0.222078,"11":0.490378,"13":0.176113,"18":0.603707,"32":0.689872,"51":0.905859,"76":1}